id0,id1,id2
0.9740999937057495,0.9740999937057495,0.0388500951230526
