id0,id1
0.9740999937057495,0.9740999937057495
